Test Name,Token Index,Latency (ms),Timestamp
streaming-100-tokens,1,2.01,1888.5705
streaming-100-tokens,2,22.28,1910.9085
streaming-100-tokens,3,23.68,1934.6318
streaming-100-tokens,4,24.90,1959.5661
streaming-100-tokens,5,23.55,1983.1674
streaming-100-tokens,6,24.56,2007.7678
streaming-100-tokens,7,23.68,2031.4999
streaming-100-tokens,8,23.47,2055.0364
streaming-100-tokens,9,24.32,2079.4205
streaming-100-tokens,10,33.25,2112.7315
streaming-100-tokens,11,24.87,2137.6652
streaming-100-tokens,12,22.85,2160.6162
streaming-100-tokens,13,24.50,2185.2964
streaming-100-tokens,14,22.94,2208.3413
streaming-100-tokens,15,34.95,2243.3579
streaming-100-tokens,16,24.60,2268.0311
streaming-100-tokens,17,23.96,2292.0514
streaming-100-tokens,18,23.16,2315.2989
streaming-100-tokens,19,24.02,2339.6315
streaming-100-tokens,20,32.32,2372.0211
streaming-100-tokens,21,23.85,2395.9278
streaming-100-tokens,22,25.27,2421.2298
streaming-100-tokens,23,22.47,2443.7388
streaming-100-tokens,24,25.28,2469.056
streaming-100-tokens,25,24.11,2493.2
streaming-100-tokens,26,24.15,2517.3853
streaming-100-tokens,27,24.70,2542.1301
streaming-100-tokens,28,24.50,2566.6591
streaming-100-tokens,29,33.56,2600.2621
streaming-100-tokens,30,23.92,2624.2164
streaming-100-tokens,31,25.45,2649.7121
streaming-100-tokens,32,23.61,2673.3571
streaming-100-tokens,33,32.35,2705.7448
streaming-100-tokens,34,24.09,2729.8714
streaming-100-tokens,35,32.01,2761.9889
streaming-100-tokens,36,26.39,2788.4196
streaming-100-tokens,37,30.75,2819.2125
streaming-100-tokens,38,23.70,2842.9456
streaming-100-tokens,39,23.75,2866.7747
streaming-100-tokens,40,32.06,2898.8737
streaming-100-tokens,41,32.63,2931.5391
streaming-100-tokens,42,25.74,2957.3196
streaming-100-tokens,43,23.69,2981.0547
streaming-100-tokens,44,26.54,3007.628
streaming-100-tokens,45,33.04,3040.6912
streaming-100-tokens,46,23.71,3064.4396
streaming-100-tokens,47,22.82,3087.3011
streaming-100-tokens,48,27.75,3115.3316
streaming-100-tokens,49,29.95,3145.3262
streaming-100-tokens,50,24.44,3169.7933
streaming-100-tokens,51,22.52,3192.3309
streaming-100-tokens,52,24.14,3216.488
streaming-100-tokens,53,32.45,3248.9593
streaming-100-tokens,54,25.04,3274.0121
streaming-100-tokens,55,25.89,3299.9215
streaming-100-tokens,56,24.13,3324.071
streaming-100-tokens,57,26.22,3350.4097
streaming-100-tokens,58,24.17,3374.6084
streaming-100-tokens,59,25.28,3399.9199
streaming-100-tokens,60,24.08,3424.0265
streaming-100-tokens,61,24.78,3448.8501
streaming-100-tokens,62,29.05,3477.9279
streaming-100-tokens,63,24.97,3502.923
streaming-100-tokens,64,25.95,3528.8991
streaming-100-tokens,65,25.57,3554.4914
streaming-100-tokens,66,31.16,3585.6732
streaming-100-tokens,67,32.93,3618.6733
streaming-100-tokens,68,28.54,3647.2454
streaming-100-tokens,69,28.12,3675.4056
streaming-100-tokens,70,20.78,3696.2164
streaming-100-tokens,71,31.99,3728.2422
streaming-100-tokens,72,32.90,3761.1713
streaming-100-tokens,73,23.89,3785.0961
streaming-100-tokens,74,32.25,3817.3756
streaming-100-tokens,75,31.69,3849.0958
streaming-100-tokens,76,24.62,3873.7428
streaming-100-tokens,77,23.18,3896.953
streaming-100-tokens,78,30.93,3927.9101
streaming-100-tokens,79,31.16,3959.1051
streaming-100-tokens,80,23.62,3982.7553
streaming-100-tokens,81,22.94,4005.719
streaming-100-tokens,82,23.71,4029.4516
streaming-100-tokens,83,24.33,4053.8059
streaming-100-tokens,84,24.71,4078.5446
streaming-100-tokens,85,24.72,4103.283
streaming-100-tokens,86,33.24,4136.5623
streaming-100-tokens,87,25.40,4161.9879
streaming-100-tokens,88,25.25,4187.2637
streaming-100-tokens,89,23.72,4211.0104
streaming-100-tokens,90,24.52,4235.5641
streaming-100-tokens,91,23.57,4259.1574
streaming-100-tokens,92,24.45,4283.6422
streaming-100-tokens,93,31.06,4314.7377
streaming-100-tokens,94,25.92,4340.6886
streaming-100-tokens,95,24.66,4365.3746
streaming-100-tokens,96,33.49,4398.8976
streaming-100-tokens,97,32.18,4431.1019
streaming-100-tokens,98,33.14,4464.2697
streaming-100-tokens,99,32.82,4497.1236
streaming-100-tokens,100,24.04,4521.1903
streaming-500-tokens,1,10.18,4546.0677
streaming-500-tokens,2,25.02,4571.1169
streaming-500-tokens,3,24.56,4595.7076
streaming-500-tokens,4,32.99,4628.7255
streaming-500-tokens,5,31.37,4660.1246
streaming-500-tokens,6,23.70,4683.8571
streaming-500-tokens,7,24.37,4708.2554
streaming-500-tokens,8,25.22,4733.5004
streaming-500-tokens,9,31.58,4765.1079
streaming-500-tokens,10,34.07,4799.2089
streaming-500-tokens,11,24.42,4823.6546
streaming-500-tokens,12,23.88,4847.5668
streaming-500-tokens,13,23.67,4871.3056
streaming-500-tokens,14,32.33,4903.663
streaming-500-tokens,15,24.75,4928.4513
streaming-500-tokens,16,25.57,4954.0562
streaming-500-tokens,17,32.87,4986.9652
streaming-500-tokens,18,33.77,5020.7549
streaming-500-tokens,19,33.73,5054.5132
streaming-500-tokens,20,24.12,5078.6568
streaming-500-tokens,21,33.46,5112.1473
streaming-500-tokens,22,31.58,5143.7503
streaming-500-tokens,23,25.19,5168.9692
streaming-500-tokens,24,30.62,5199.6165
streaming-500-tokens,25,33.83,5233.4761
streaming-500-tokens,26,31.17,5264.6794
streaming-500-tokens,27,31.01,5295.7147
streaming-500-tokens,28,24.48,5320.3829
streaming-500-tokens,29,23.35,5343.751
streaming-500-tokens,30,24.85,5368.6219
streaming-500-tokens,31,23.91,5392.6268
streaming-500-tokens,32,23.21,5415.8609
streaming-500-tokens,33,25.13,5441.0116
streaming-500-tokens,34,24.08,5465.117
streaming-500-tokens,35,33.24,5498.3919
streaming-500-tokens,36,23.26,5521.6872
streaming-500-tokens,37,23.95,5545.669
streaming-500-tokens,38,25.17,5570.8694
streaming-500-tokens,39,29.85,5600.7466
streaming-500-tokens,40,32.85,5633.6225
streaming-500-tokens,41,24.45,5658.1058
streaming-500-tokens,42,24.15,5682.2824
streaming-500-tokens,43,24.61,5706.9089
streaming-500-tokens,44,25.34,5732.2768
streaming-500-tokens,45,23.34,5755.6483
streaming-500-tokens,46,24.95,5780.6219
streaming-500-tokens,47,32.72,5813.3658
streaming-500-tokens,48,25.86,5839.2421
streaming-500-tokens,49,31.09,5870.3595
streaming-500-tokens,50,31.02,5901.4078
streaming-500-tokens,51,19.86,5921.2928
streaming-500-tokens,52,27.75,5949.0645
streaming-500-tokens,53,31.78,5980.8618
streaming-500-tokens,54,25.21,6006.0925
streaming-500-tokens,55,24.96,6031.0751
streaming-500-tokens,56,22.23,6053.3308
streaming-500-tokens,57,24.55,6077.9138
streaming-500-tokens,58,34.29,6112.2497
streaming-500-tokens,59,25.10,6137.3725
streaming-500-tokens,60,25.07,6162.4714
streaming-500-tokens,61,24.53,6187.0331
streaming-500-tokens,62,24.45,6211.5158
streaming-500-tokens,63,34.07,6245.6112
streaming-500-tokens,64,24.97,6270.6096
streaming-500-tokens,65,31.69,6302.3211
streaming-500-tokens,66,26.33,6328.674
streaming-500-tokens,67,32.16,6360.8749
streaming-500-tokens,68,32.00,6392.9067
streaming-500-tokens,69,31.15,6424.0902
streaming-500-tokens,70,32.21,6456.3273
streaming-500-tokens,71,24.49,6480.8405
streaming-500-tokens,72,24.01,6504.8871
streaming-500-tokens,73,24.85,6529.7687
streaming-500-tokens,74,24.95,6554.7479
streaming-500-tokens,75,33.64,6588.4162
streaming-500-tokens,76,24.66,6613.0999
streaming-500-tokens,77,24.94,6638.0571
streaming-500-tokens,78,25.47,6663.5494
streaming-500-tokens,79,22.87,6686.4622
streaming-500-tokens,80,34.07,6720.5586
streaming-500-tokens,81,24.86,6745.4476
streaming-500-tokens,82,30.75,6776.2236
streaming-500-tokens,83,27.77,6804.0188
streaming-500-tokens,84,31.38,6835.4221
streaming-500-tokens,85,24.54,6859.9946
streaming-500-tokens,86,24.17,6884.1925
streaming-500-tokens,87,31.57,6915.7885
streaming-500-tokens,88,24.99,6940.8076
streaming-500-tokens,89,22.67,6963.5069
streaming-500-tokens,90,26.54,6990.0794
streaming-500-tokens,91,23.33,7013.4366
streaming-500-tokens,92,25.48,7038.9405
streaming-500-tokens,93,23.30,7062.2589
streaming-500-tokens,94,34.12,7096.4055
streaming-500-tokens,95,24.21,7120.6487
streaming-500-tokens,96,31.53,7152.204
streaming-500-tokens,97,24.36,7176.6191
streaming-500-tokens,98,31.68,7208.3229
streaming-500-tokens,99,25.61,7233.9594
streaming-500-tokens,100,23.03,7257.0159
streaming-500-tokens,101,31.15,7288.1909
streaming-500-tokens,102,24.26,7312.4801
streaming-500-tokens,103,26.41,7338.921
streaming-500-tokens,104,24.68,7363.6233
streaming-500-tokens,105,24.14,7387.7905
streaming-500-tokens,106,23.38,7411.1951
streaming-500-tokens,107,25.01,7436.2422
streaming-500-tokens,108,33.81,7470.0808
streaming-500-tokens,109,23.15,7493.2601
streaming-500-tokens,110,31.47,7524.7937
streaming-500-tokens,111,22.96,7547.7747
streaming-500-tokens,112,30.89,7578.6893
streaming-500-tokens,113,23.84,7602.5537
streaming-500-tokens,114,27.66,7630.231
streaming-500-tokens,115,29.66,7659.9047
streaming-500-tokens,116,23.80,7683.7264
streaming-500-tokens,117,23.74,7707.4899
streaming-500-tokens,118,23.67,7731.1939
streaming-500-tokens,119,25.22,7756.4376
streaming-500-tokens,120,30.82,7787.285
streaming-500-tokens,121,26.94,7814.2431
streaming-500-tokens,122,31.82,7846.1424
streaming-500-tokens,123,26.82,7872.9831
streaming-500-tokens,124,22.34,7895.347
streaming-500-tokens,125,25.57,7920.9489
streaming-500-tokens,126,23.94,7944.9046
streaming-500-tokens,127,28.35,7973.2713
streaming-500-tokens,128,26.91,8000.2053
streaming-500-tokens,129,30.08,8030.3117
streaming-500-tokens,130,32.80,8063.1367
streaming-500-tokens,131,23.49,8086.6574
streaming-500-tokens,132,29.14,8115.8248
streaming-500-tokens,133,28.08,8143.9363
streaming-500-tokens,134,30.93,8174.8987
streaming-500-tokens,135,23.36,8198.2939
streaming-500-tokens,136,32.73,8231.0572
streaming-500-tokens,137,23.29,8254.3761
streaming-500-tokens,138,31.88,8286.2877
streaming-500-tokens,139,24.38,8310.6893
streaming-500-tokens,140,23.48,8334.1966
streaming-500-tokens,141,24.75,8358.9788
streaming-500-tokens,142,31.74,8390.7508
streaming-500-tokens,143,32.92,8423.7059
streaming-500-tokens,144,33.20,8456.9304
streaming-500-tokens,145,24.47,8481.4276
streaming-500-tokens,146,31.85,8513.3043
streaming-500-tokens,147,27.17,8540.5033
streaming-500-tokens,148,25.55,8566.0822
streaming-500-tokens,149,23.96,8590.0743
streaming-500-tokens,150,23.74,8613.8413
streaming-500-tokens,151,31.77,8645.6449
streaming-500-tokens,152,24.39,8670.0686
streaming-500-tokens,153,23.38,8693.4934
streaming-500-tokens,154,27.21,8720.723
streaming-500-tokens,155,24.48,8745.2167
streaming-500-tokens,156,25.69,8770.9255
streaming-500-tokens,157,24.14,8795.0821
streaming-500-tokens,158,26.04,8821.1507
streaming-500-tokens,159,22.45,8843.6259
streaming-500-tokens,160,25.43,8869.0756
streaming-500-tokens,161,23.54,8892.6365
streaming-500-tokens,162,24.68,8917.3363
streaming-500-tokens,163,23.88,8941.2846
streaming-500-tokens,164,25.67,8966.9989
streaming-500-tokens,165,31.68,8998.753
streaming-500-tokens,166,31.65,9030.48
streaming-500-tokens,167,23.82,9054.3251
streaming-500-tokens,168,24.31,9078.658
streaming-500-tokens,169,31.76,9110.478
streaming-500-tokens,170,24.07,9134.5671
streaming-500-tokens,171,24.72,9159.3104
streaming-500-tokens,172,31.06,9190.4686
streaming-500-tokens,173,24.28,9214.7729
streaming-500-tokens,174,23.74,9238.5413
streaming-500-tokens,175,25.09,9263.6602
streaming-500-tokens,176,23.88,9287.566
streaming-500-tokens,177,23.42,9311.018
streaming-500-tokens,178,23.66,9334.7126
streaming-500-tokens,179,23.69,9358.4272
streaming-500-tokens,180,24.27,9382.718
streaming-500-tokens,181,24.23,9406.9758
streaming-500-tokens,182,25.56,9432.5583
streaming-500-tokens,183,24.24,9456.8261
streaming-500-tokens,184,24.56,9481.4146
streaming-500-tokens,185,24.58,9506.007
streaming-500-tokens,186,23.36,9529.379
streaming-500-tokens,187,33.39,9562.7865
streaming-500-tokens,188,31.13,9593.9401
streaming-500-tokens,189,27.58,9621.5345
streaming-500-tokens,190,29.60,9651.1641
streaming-500-tokens,191,30.92,9682.1159
streaming-500-tokens,192,23.52,9705.7297
streaming-500-tokens,193,25.38,9731.131
streaming-500-tokens,194,25.19,9756.3437
streaming-500-tokens,195,23.51,9779.8855
streaming-500-tokens,196,25.65,9805.5738
streaming-500-tokens,197,22.63,9828.371
streaming-500-tokens,198,27.91,9856.3077
streaming-500-tokens,199,29.81,9886.1461
streaming-500-tokens,200,25.52,9911.6986
streaming-500-tokens,201,23.53,9935.2485
streaming-500-tokens,202,25.11,9960.3798
streaming-500-tokens,203,32.67,9993.0724
streaming-500-tokens,204,23.57,10016.6808
streaming-500-tokens,205,23.94,10040.6338
streaming-500-tokens,206,35.28,10075.9482
streaming-500-tokens,207,22.33,10098.3113
streaming-500-tokens,208,23.25,10121.5804
streaming-500-tokens,209,32.96,10154.5732
streaming-500-tokens,210,24.43,10179.0533
streaming-500-tokens,211,23.68,10202.7637
streaming-500-tokens,212,24.70,10227.4905
streaming-500-tokens,213,23.60,10251.1167
streaming-500-tokens,214,32.17,10283.3219
streaming-500-tokens,215,24.35,10307.706
streaming-500-tokens,216,32.62,10340.3558
streaming-500-tokens,217,23.65,10364.0338
streaming-500-tokens,218,37.34,10401.3994
streaming-500-tokens,219,27.55,10428.979
streaming-500-tokens,220,26.75,10455.7485
streaming-500-tokens,221,23.45,10479.2315
streaming-500-tokens,222,25.69,10504.9497
streaming-500-tokens,223,25.90,10530.9581
streaming-500-tokens,224,22.66,10553.647
streaming-500-tokens,225,34.10,10587.7692
streaming-500-tokens,226,23.08,10610.8753
streaming-500-tokens,227,24.25,10635.1502
streaming-500-tokens,228,24.59,10659.7735
streaming-500-tokens,229,23.34,10683.1472
streaming-500-tokens,230,23.83,10707.0081
streaming-500-tokens,231,26.87,10733.9041
streaming-500-tokens,232,29.98,10763.9469
streaming-500-tokens,233,34.20,10798.1813
streaming-500-tokens,234,24.04,10822.2522
streaming-500-tokens,235,32.87,10855.1603
streaming-500-tokens,236,24.39,10879.5758
streaming-500-tokens,237,26.30,10905.9062
streaming-500-tokens,238,24.01,10929.954
streaming-500-tokens,239,31.91,10961.9008
streaming-500-tokens,240,31.22,10993.1488
streaming-500-tokens,241,24.52,11017.7309
streaming-500-tokens,242,23.60,11041.3906
streaming-500-tokens,243,24.44,11065.8585
streaming-500-tokens,244,25.07,11090.9549
streaming-500-tokens,245,25.83,11116.8119
streaming-500-tokens,246,29.41,11146.2563
streaming-500-tokens,247,25.21,11171.4995
streaming-500-tokens,248,33.69,11205.2186
streaming-500-tokens,249,23.02,11228.2676
streaming-500-tokens,250,31.81,11260.1092
streaming-500-tokens,251,24.89,11285.0155
streaming-500-tokens,252,23.46,11308.4876
streaming-500-tokens,253,24.89,11333.3959
streaming-500-tokens,254,24.61,11358.0367
streaming-500-tokens,255,31.97,11390.0267
streaming-500-tokens,256,26.29,11416.3377
streaming-500-tokens,257,29.51,11445.8726
streaming-500-tokens,258,24.89,11470.8018
streaming-500-tokens,259,24.50,11495.3377
streaming-500-tokens,260,26.42,11521.7799
streaming-500-tokens,261,22.77,11544.5621
streaming-500-tokens,262,28.23,11572.8219
streaming-500-tokens,263,25.23,11598.0836
streaming-500-tokens,264,23.99,11622.101
streaming-500-tokens,265,23.99,11646.1228
streaming-500-tokens,266,25.86,11672.0072
streaming-500-tokens,267,22.99,11695.0187
streaming-500-tokens,268,26.99,11722.0463
streaming-500-tokens,269,22.24,11744.3622
streaming-500-tokens,270,29.47,11773.8634
streaming-500-tokens,271,28.85,11802.7388
streaming-500-tokens,272,31.98,11834.7591
streaming-500-tokens,273,23.34,11858.1349
streaming-500-tokens,274,25.23,11883.3988
streaming-500-tokens,275,31.54,11914.974
streaming-500-tokens,276,22.68,11937.6891
streaming-500-tokens,277,33.42,11971.1574
streaming-500-tokens,278,23.62,11994.8071
streaming-500-tokens,279,23.18,12018.0224
streaming-500-tokens,280,32.49,12050.5455
streaming-500-tokens,281,32.47,12083.0505
streaming-500-tokens,282,24.13,12107.2171
streaming-500-tokens,283,24.81,12132.0473
streaming-500-tokens,284,33.18,12165.2569
streaming-500-tokens,285,24.73,12190.0166
streaming-500-tokens,286,31.78,12221.8569
streaming-500-tokens,287,32.34,12254.2278
streaming-500-tokens,288,23.82,12278.0701
streaming-500-tokens,289,24.13,12302.2301
streaming-500-tokens,290,25.35,12327.6084
streaming-500-tokens,291,25.74,12353.3738
streaming-500-tokens,292,23.99,12377.3899
streaming-500-tokens,293,24.01,12401.4268
streaming-500-tokens,294,35.37,12436.8193
streaming-500-tokens,295,24.29,12461.1306
streaming-500-tokens,296,31.97,12493.1377
streaming-500-tokens,297,25.35,12518.5172
streaming-500-tokens,298,24.98,12543.5283
streaming-500-tokens,299,23.57,12567.1235
streaming-500-tokens,300,31.62,12598.7633
streaming-500-tokens,301,32.35,12631.1297
streaming-500-tokens,302,32.07,12663.2131
streaming-500-tokens,303,31.98,12695.2074
streaming-500-tokens,304,27.61,12722.8332
streaming-500-tokens,305,29.92,12752.7777
streaming-500-tokens,306,33.21,12786.0106
streaming-500-tokens,307,22.90,12809.0703
streaming-500-tokens,308,23.80,12832.8938
streaming-500-tokens,309,24.77,12857.6952
streaming-500-tokens,310,25.70,12883.4296
streaming-500-tokens,311,22.46,12905.9143
streaming-500-tokens,312,24.17,12930.105
streaming-500-tokens,313,31.99,12962.1197
streaming-500-tokens,314,24.19,12986.3303
streaming-500-tokens,315,24.92,13011.268
streaming-500-tokens,316,31.60,13042.8844
streaming-500-tokens,317,25.25,13068.1561
streaming-500-tokens,318,23.51,13091.7771
streaming-500-tokens,319,23.11,13114.9006
streaming-500-tokens,320,32.53,13147.4599
streaming-500-tokens,321,32.88,13180.3675
streaming-500-tokens,322,24.50,13204.8907
streaming-500-tokens,323,24.40,13229.5424
streaming-500-tokens,324,25.97,13255.5284
streaming-500-tokens,325,34.82,13290.3684
streaming-500-tokens,326,29.73,13320.1248
streaming-500-tokens,327,23.92,13344.0774
streaming-500-tokens,328,24.31,13368.4236
streaming-500-tokens,329,26.12,13394.5689
streaming-500-tokens,330,22.74,13417.3409
streaming-500-tokens,331,32.23,13449.5973
streaming-500-tokens,332,31.81,13481.4379
streaming-500-tokens,333,25.55,13507.0162
streaming-500-tokens,334,24.11,13531.1587
streaming-500-tokens,335,24.19,13555.3804
streaming-500-tokens,336,31.77,13587.1791
streaming-500-tokens,337,25.47,13612.6798
streaming-500-tokens,338,31.82,13644.5289
streaming-500-tokens,339,25.71,13670.2748
streaming-500-tokens,340,25.13,13695.4349
streaming-500-tokens,341,27.22,13722.6843
streaming-500-tokens,342,30.16,13752.8771
streaming-500-tokens,343,32.32,13785.2316
streaming-500-tokens,344,31.62,13816.8825
streaming-500-tokens,345,24.81,13841.7265
streaming-500-tokens,346,24.60,13866.3513
streaming-500-tokens,347,31.92,13898.3066
streaming-500-tokens,348,24.64,13922.973
streaming-500-tokens,349,27.25,13950.2406
streaming-500-tokens,350,30.48,13980.7762
streaming-500-tokens,351,27.12,14008.4558
streaming-500-tokens,352,24.79,14033.28
streaming-500-tokens,353,24.37,14057.6734
streaming-500-tokens,354,31.50,14089.2051
streaming-500-tokens,355,24.19,14113.4277
streaming-500-tokens,356,29.77,14143.2326
streaming-500-tokens,357,35.82,14179.1044
streaming-500-tokens,358,33.00,14212.1548
streaming-500-tokens,359,31.58,14243.761
streaming-500-tokens,360,24.55,14268.3376
streaming-500-tokens,361,25.99,14294.3565
streaming-500-tokens,362,22.14,14316.5256
streaming-500-tokens,363,24.45,14341.0087
streaming-500-tokens,364,32.79,14373.8189
streaming-500-tokens,365,32.72,14406.5562
streaming-500-tokens,366,24.41,14430.9851
streaming-500-tokens,367,27.00,14458.0198
streaming-500-tokens,368,23.20,14481.2589
streaming-500-tokens,369,25.13,14506.4104
streaming-500-tokens,370,25.04,14531.4822
streaming-500-tokens,371,25.78,14557.3572
streaming-500-tokens,372,23.09,14580.4802
streaming-500-tokens,373,24.26,14604.7685
streaming-500-tokens,374,23.84,14628.6405
streaming-500-tokens,375,24.77,14653.4383
streaming-500-tokens,376,28.66,14682.125
streaming-500-tokens,377,23.37,14705.5307
streaming-500-tokens,378,33.23,14738.7936
streaming-500-tokens,379,33.37,14772.2622
streaming-500-tokens,380,23.79,14796.0797
streaming-500-tokens,381,23.83,14819.9414
streaming-500-tokens,382,26.89,14846.8932
streaming-500-tokens,383,30.08,14877.008
streaming-500-tokens,384,25.63,14902.6587
streaming-500-tokens,385,36.45,14939.1777
streaming-500-tokens,386,29.36,14968.5606
streaming-500-tokens,387,25.09,14993.7296
streaming-500-tokens,388,23.36,15017.1183
streaming-500-tokens,389,32.69,15049.8461
streaming-500-tokens,390,25.24,15075.1198
streaming-500-tokens,391,33.66,15108.8116
streaming-500-tokens,392,24.21,15133.0459
streaming-500-tokens,393,31.49,15164.569
streaming-500-tokens,394,28.98,15193.5851
streaming-500-tokens,395,28.54,15222.1427
streaming-500-tokens,396,23.09,15245.2601
streaming-500-tokens,397,31.72,15277.0139
streaming-500-tokens,398,23.39,15300.4394
streaming-500-tokens,399,33.86,15334.3269
streaming-500-tokens,400,23.75,15358.1025
streaming-500-tokens,401,22.84,15380.9736
streaming-500-tokens,402,25.34,15406.3448
streaming-500-tokens,403,32.46,15438.841
streaming-500-tokens,404,22.76,15461.6286
streaming-500-tokens,405,22.97,15484.6342
streaming-500-tokens,406,24.02,15508.6818
streaming-500-tokens,407,26.34,15535.0521
streaming-500-tokens,408,30.62,15565.7037
streaming-500-tokens,409,24.01,15589.7389
streaming-500-tokens,410,32.58,15622.3433
streaming-500-tokens,411,23.88,15646.2589
streaming-500-tokens,412,33.11,15679.3993
streaming-500-tokens,413,22.45,15701.8851
streaming-500-tokens,414,25.46,15727.375
streaming-500-tokens,415,32.04,15759.4713
streaming-500-tokens,416,32.60,15792.1056
streaming-500-tokens,417,26.20,15818.3628
streaming-500-tokens,418,26.00,15844.3975
streaming-500-tokens,419,26.94,15871.3698
streaming-500-tokens,420,24.49,15895.8845
streaming-500-tokens,421,25.91,15921.8266
streaming-500-tokens,422,23.83,15945.6756
streaming-500-tokens,423,23.48,15969.192
streaming-500-tokens,424,24.19,15993.4153
streaming-500-tokens,425,24.65,16018.0909
streaming-500-tokens,426,31.43,16049.5537
streaming-500-tokens,427,34.60,16084.1825
streaming-500-tokens,428,23.12,16107.4371
streaming-500-tokens,429,27.37,16134.8338
streaming-500-tokens,430,23.97,16158.8329
streaming-500-tokens,431,24.09,16183.0038
streaming-500-tokens,432,26.92,16209.953
streaming-500-tokens,433,24.98,16234.9604
streaming-500-tokens,434,23.13,16258.1164
streaming-500-tokens,435,26.60,16284.7309
streaming-500-tokens,436,30.58,16315.3386
streaming-500-tokens,437,24.74,16340.1037
streaming-500-tokens,438,31.81,16371.9424
streaming-500-tokens,439,23.82,16395.7845
streaming-500-tokens,440,25.56,16421.6266
streaming-500-tokens,441,23.41,16445.0608
streaming-500-tokens,442,28.17,16473.2488
streaming-500-tokens,443,26.40,16499.6746
streaming-500-tokens,444,31.02,16530.7284
streaming-500-tokens,445,31.24,16561.9877
streaming-500-tokens,446,33.17,16595.1883
streaming-500-tokens,447,23.55,16618.7563
streaming-500-tokens,448,25.10,16643.8746
streaming-500-tokens,449,25.81,16669.7338
streaming-500-tokens,450,22.75,16692.5149
streaming-500-tokens,451,24.78,16717.33
streaming-500-tokens,452,24.31,16741.6714
streaming-500-tokens,453,22.59,16764.2876
streaming-500-tokens,454,25.28,16789.5999
streaming-500-tokens,455,24.50,16814.1186
streaming-500-tokens,456,25.97,16840.1155
streaming-500-tokens,457,31.97,16872.1142
streaming-500-tokens,458,25.64,16897.7882
streaming-500-tokens,459,33.62,16931.4428
streaming-500-tokens,460,31.54,16963.013
streaming-500-tokens,461,19.81,16982.8448
streaming-500-tokens,462,28.99,17011.8602
streaming-500-tokens,463,24.79,17036.6725
streaming-500-tokens,464,23.55,17060.2401
streaming-500-tokens,465,34.05,17094.3052
streaming-500-tokens,466,26.47,17120.8125
streaming-500-tokens,467,25.32,17146.1595
streaming-500-tokens,468,25.32,17171.5161
streaming-500-tokens,469,32.00,17203.55
streaming-500-tokens,470,25.18,17228.7571
streaming-500-tokens,471,33.40,17262.1907
streaming-500-tokens,472,31.98,17294.1981
streaming-500-tokens,473,30.54,17324.7698
streaming-500-tokens,474,24.01,17348.8175
streaming-500-tokens,475,31.97,17380.8193
streaming-500-tokens,476,33.39,17414.2408
streaming-500-tokens,477,24.94,17439.2118
streaming-500-tokens,478,25.33,17464.5726
streaming-500-tokens,479,32.16,17496.7658
streaming-500-tokens,480,31.84,17528.6403
streaming-500-tokens,481,24.16,17552.8283
streaming-500-tokens,482,36.00,17588.8589
streaming-500-tokens,483,30.68,17619.5689
streaming-500-tokens,484,19.98,17639.7155
streaming-500-tokens,485,27.34,17667.084
streaming-500-tokens,486,32.09,17699.3524
streaming-500-tokens,487,25.46,17724.8483
streaming-500-tokens,488,31.61,17756.4926
streaming-500-tokens,489,24.42,17780.9331
streaming-500-tokens,490,32.50,17813.479
streaming-500-tokens,491,32.13,17845.641
streaming-500-tokens,492,25.97,17871.6478
streaming-500-tokens,493,31.40,17903.0781
streaming-500-tokens,494,26.22,17929.3268
streaming-500-tokens,495,33.24,17962.5941
streaming-500-tokens,496,24.46,17987.0833
streaming-500-tokens,497,23.72,18010.839
streaming-500-tokens,498,24.56,18035.4285
streaming-500-tokens,499,23.99,18059.4539
streaming-500-tokens,500,31.78,18091.2702
streaming-1000-tokens,1,22.07,18118.4432
streaming-1000-tokens,2,30.50,18148.9787
streaming-1000-tokens,3,25.86,18174.8833
streaming-1000-tokens,4,22.20,18197.1181
streaming-1000-tokens,5,33.99,18231.133
streaming-1000-tokens,6,31.56,18262.7202
streaming-1000-tokens,7,24.68,18287.4291
streaming-1000-tokens,8,33.10,18320.5606
streaming-1000-tokens,9,25.13,18345.7145
streaming-1000-tokens,10,23.64,18369.3837
streaming-1000-tokens,11,25.15,18394.5625
streaming-1000-tokens,12,27.29,18421.8883
streaming-1000-tokens,13,31.42,18453.343
streaming-1000-tokens,14,25.95,18479.3226
streaming-1000-tokens,15,23.64,18502.9892
streaming-1000-tokens,16,32.67,18535.6868
streaming-1000-tokens,17,22.68,18558.3938
streaming-1000-tokens,18,26.00,18584.4254
streaming-1000-tokens,19,31.41,18615.8862
streaming-1000-tokens,20,22.90,18638.8194
streaming-1000-tokens,21,25.92,18664.7707
streaming-1000-tokens,22,31.33,18696.134
streaming-1000-tokens,23,26.20,18722.3639
streaming-1000-tokens,24,32.94,18755.4935
streaming-1000-tokens,25,23.31,18778.8352
streaming-1000-tokens,26,24.49,18803.4107
streaming-1000-tokens,27,30.71,18834.1594
streaming-1000-tokens,28,24.32,18858.5348
streaming-1000-tokens,29,24.76,18883.3188
streaming-1000-tokens,30,22.47,18905.8111
streaming-1000-tokens,31,27.71,18933.5411
streaming-1000-tokens,32,22.69,18956.2667
streaming-1000-tokens,33,25.93,18982.2304
streaming-1000-tokens,34,30.68,19012.9433
streaming-1000-tokens,35,27.17,19040.1472
streaming-1000-tokens,36,22.77,19062.9557
streaming-1000-tokens,37,25.95,19088.9361
streaming-1000-tokens,38,36.96,19125.9252
streaming-1000-tokens,39,25.69,19151.6353
streaming-1000-tokens,40,33.53,19185.1948
streaming-1000-tokens,41,24.65,19209.8791
streaming-1000-tokens,42,31.99,19242.1556
streaming-1000-tokens,43,25.62,19267.8126
streaming-1000-tokens,44,23.48,19291.323
streaming-1000-tokens,45,23.68,19315.038
streaming-1000-tokens,46,24.65,19339.725
streaming-1000-tokens,47,24.03,19363.778
streaming-1000-tokens,48,25.55,19389.3462
streaming-1000-tokens,49,35.54,19424.9196
streaming-1000-tokens,50,35.00,19459.956
streaming-1000-tokens,51,24.44,19484.4342
streaming-1000-tokens,52,34.26,19518.7256
streaming-1000-tokens,53,23.50,19542.261
streaming-1000-tokens,54,25.14,19567.425
streaming-1000-tokens,55,26.00,19593.4494
streaming-1000-tokens,56,30.76,19624.2431
streaming-1000-tokens,57,24.08,19648.3587
streaming-1000-tokens,58,31.01,19679.4024
streaming-1000-tokens,59,23.91,19703.3428
streaming-1000-tokens,60,25.86,19729.2332
streaming-1000-tokens,61,30.23,19759.4974
streaming-1000-tokens,62,25.27,19784.7991
streaming-1000-tokens,63,23.08,19807.9071
streaming-1000-tokens,64,31.94,19839.8788
streaming-1000-tokens,65,24.11,19864.0097
streaming-1000-tokens,66,24.61,19888.652
streaming-1000-tokens,67,31.50,19920.1867
streaming-1000-tokens,68,30.70,19950.9147
streaming-1000-tokens,69,25.48,19976.5034
streaming-1000-tokens,70,30.58,20007.1207
streaming-1000-tokens,71,27.80,20034.9493
streaming-1000-tokens,72,21.82,20056.8036
streaming-1000-tokens,73,23.50,20080.3376
streaming-1000-tokens,74,25.26,20105.6304
streaming-1000-tokens,75,20.36,20126.0339
streaming-1000-tokens,76,27.13,20153.1958
streaming-1000-tokens,77,35.59,20188.8176
streaming-1000-tokens,78,23.30,20212.1536
streaming-1000-tokens,79,24.50,20236.6852
streaming-1000-tokens,80,23.13,20259.847
streaming-1000-tokens,81,23.58,20283.4575
streaming-1000-tokens,82,32.89,20316.3632
streaming-1000-tokens,83,24.77,20341.1608
streaming-1000-tokens,84,31.51,20372.7003
streaming-1000-tokens,85,33.57,20406.3284
streaming-1000-tokens,86,24.81,20431.1736
streaming-1000-tokens,87,24.39,20455.5945
streaming-1000-tokens,88,25.89,20481.5179
streaming-1000-tokens,89,31.03,20512.8925
streaming-1000-tokens,90,24.18,20537.097
streaming-1000-tokens,91,32.05,20569.1753
streaming-1000-tokens,92,33.24,20602.4339
streaming-1000-tokens,93,31.22,20633.685
streaming-1000-tokens,94,27.53,20661.2472
streaming-1000-tokens,95,24.10,20685.4046
streaming-1000-tokens,96,24.74,20710.1766
streaming-1000-tokens,97,24.01,20734.2169
streaming-1000-tokens,98,25.08,20759.3263
streaming-1000-tokens,99,25.29,20784.6903
streaming-1000-tokens,100,30.86,20815.5845
streaming-1000-tokens,101,24.23,20839.8405
streaming-1000-tokens,102,24.24,20864.1098
streaming-1000-tokens,103,24.53,20888.6702
streaming-1000-tokens,104,33.51,20922.212
streaming-1000-tokens,105,23.14,20945.4325
streaming-1000-tokens,106,23.70,20969.1596
streaming-1000-tokens,107,23.15,20992.3309
streaming-1000-tokens,108,23.52,21015.8813
streaming-1000-tokens,109,25.30,21041.2091
streaming-1000-tokens,110,22.89,21064.1585
streaming-1000-tokens,111,24.19,21088.3823
streaming-1000-tokens,112,34.68,21123.0907
streaming-1000-tokens,113,23.19,21146.3145
streaming-1000-tokens,114,23.40,21169.7445
streaming-1000-tokens,115,24.50,21194.2586
streaming-1000-tokens,116,23.44,21217.7348
streaming-1000-tokens,117,24.55,21242.304
streaming-1000-tokens,118,31.80,21274.138
streaming-1000-tokens,119,32.51,21306.68
streaming-1000-tokens,120,26.67,21333.3771
streaming-1000-tokens,121,22.50,21355.903
streaming-1000-tokens,122,31.01,21386.9437
streaming-1000-tokens,123,27.84,21414.8001
streaming-1000-tokens,124,25.55,21440.4694
streaming-1000-tokens,125,22.40,21462.8966
streaming-1000-tokens,126,32.83,21495.7564
streaming-1000-tokens,127,22.78,21518.5714
streaming-1000-tokens,128,24.75,21543.3558
streaming-1000-tokens,129,25.54,21568.9334
streaming-1000-tokens,130,24.11,21593.0737
streaming-1000-tokens,131,24.50,21617.6051
streaming-1000-tokens,132,31.91,21649.544
streaming-1000-tokens,133,24.68,21674.2522
streaming-1000-tokens,134,24.80,21699.0913
streaming-1000-tokens,135,23.80,21722.9247
streaming-1000-tokens,136,23.27,21746.3818
streaming-1000-tokens,137,35.60,21782.0157
streaming-1000-tokens,138,22.74,21804.7835
streaming-1000-tokens,139,25.42,21830.2262
streaming-1000-tokens,140,29.46,21859.7127
streaming-1000-tokens,141,24.69,21884.4311
streaming-1000-tokens,142,24.97,21909.4279
streaming-1000-tokens,143,24.25,21933.7029
streaming-1000-tokens,144,31.71,21965.4298
streaming-1000-tokens,145,23.13,21988.5854
streaming-1000-tokens,146,25.07,22013.6775
streaming-1000-tokens,147,22.90,22036.5949
streaming-1000-tokens,148,24.97,22061.5938
streaming-1000-tokens,149,32.02,22093.6285
streaming-1000-tokens,150,27.76,22121.4023
streaming-1000-tokens,151,24.65,22146.0763
streaming-1000-tokens,152,29.60,22175.6958
streaming-1000-tokens,153,24.09,22199.8181
streaming-1000-tokens,154,32.35,22232.1925
streaming-1000-tokens,155,23.92,22256.1347
streaming-1000-tokens,156,23.47,22279.6353
streaming-1000-tokens,157,24.02,22303.6816
streaming-1000-tokens,158,30.54,22334.2376
streaming-1000-tokens,159,28.06,22362.3197
streaming-1000-tokens,160,21.12,22383.4595
streaming-1000-tokens,161,31.97,22415.4483
streaming-1000-tokens,162,24.55,22440.0119
streaming-1000-tokens,163,24.13,22464.1628
streaming-1000-tokens,164,27.81,22491.9876
streaming-1000-tokens,165,28.41,22520.4153
streaming-1000-tokens,166,23.75,22544.1807
streaming-1000-tokens,167,27.46,22571.6578
streaming-1000-tokens,168,24.16,22595.8635
streaming-1000-tokens,169,23.29,22619.1955
streaming-1000-tokens,170,24.01,22643.2359
streaming-1000-tokens,171,33.48,22676.742
streaming-1000-tokens,172,30.90,22707.6682
streaming-1000-tokens,173,31.88,22739.5977
streaming-1000-tokens,174,24.72,22764.3639
streaming-1000-tokens,175,25.51,22789.9093
streaming-1000-tokens,176,24.19,22814.1378
streaming-1000-tokens,177,24.10,22838.3158
streaming-1000-tokens,178,32.67,22871.0042
streaming-1000-tokens,179,26.84,22897.8812
streaming-1000-tokens,180,23.55,22921.4639
streaming-1000-tokens,181,24.72,22946.2131
streaming-1000-tokens,182,30.68,22976.9199
streaming-1000-tokens,183,32.98,23009.9306
streaming-1000-tokens,184,24.34,23034.2981
streaming-1000-tokens,185,31.59,23065.9125
streaming-1000-tokens,186,23.48,23089.4272
streaming-1000-tokens,187,23.66,23113.1219
streaming-1000-tokens,188,33.19,23146.3439
streaming-1000-tokens,189,22.69,23169.0833
streaming-1000-tokens,190,24.34,23193.455
streaming-1000-tokens,191,31.59,23225.0788
streaming-1000-tokens,192,24.67,23249.7759
streaming-1000-tokens,193,31.25,23281.0494
streaming-1000-tokens,194,24.96,23306.0618
streaming-1000-tokens,195,22.66,23328.7632
streaming-1000-tokens,196,32.25,23361.2636
streaming-1000-tokens,197,25.64,23386.9255
streaming-1000-tokens,198,24.33,23411.2766
streaming-1000-tokens,199,32.76,23444.072
streaming-1000-tokens,200,21.81,23465.9223
streaming-1000-tokens,201,24.32,23490.2728
streaming-1000-tokens,202,24.95,23515.261
streaming-1000-tokens,203,24.31,23539.6078
streaming-1000-tokens,204,33.26,23572.9076
streaming-1000-tokens,205,24.77,23597.7123
streaming-1000-tokens,206,24.01,23621.7598
streaming-1000-tokens,207,24.56,23646.3437
streaming-1000-tokens,208,32.27,23678.6493
streaming-1000-tokens,209,33.81,23712.4941
streaming-1000-tokens,210,31.09,23743.6206
streaming-1000-tokens,211,24.87,23768.5251
streaming-1000-tokens,212,25.86,23794.4218
streaming-1000-tokens,213,30.71,23825.165
streaming-1000-tokens,214,32.72,23857.9226
streaming-1000-tokens,215,26.59,23884.5475
streaming-1000-tokens,216,22.80,23907.3806
streaming-1000-tokens,217,23.40,23930.8128
streaming-1000-tokens,218,26.32,23957.1609
streaming-1000-tokens,219,23.29,23980.4838
streaming-1000-tokens,220,25.78,24006.2939
streaming-1000-tokens,221,22.88,24029.2236
streaming-1000-tokens,222,24.07,24053.3101
streaming-1000-tokens,223,33.19,24086.5229
streaming-1000-tokens,224,25.15,24111.6903
streaming-1000-tokens,225,29.04,24140.7634
streaming-1000-tokens,226,30.40,24171.1912
streaming-1000-tokens,227,24.66,24195.8898
streaming-1000-tokens,228,26.78,24222.6988
streaming-1000-tokens,229,23.70,24246.4323
streaming-1000-tokens,230,23.62,24270.0844
streaming-1000-tokens,231,24.52,24294.6389
streaming-1000-tokens,232,26.70,24321.3693
streaming-1000-tokens,233,23.56,24344.9607
streaming-1000-tokens,234,23.02,24368.0103
streaming-1000-tokens,235,25.13,24393.1547
streaming-1000-tokens,236,24.18,24417.4002
streaming-1000-tokens,237,24.87,24442.3074
streaming-1000-tokens,238,30.30,24472.6403
streaming-1000-tokens,239,24.62,24497.4048
streaming-1000-tokens,240,27.29,24524.7127
streaming-1000-tokens,241,22.97,24547.7185
streaming-1000-tokens,242,32.26,24580.0087
streaming-1000-tokens,243,25.63,24605.6752
streaming-1000-tokens,244,25.09,24630.7986
streaming-1000-tokens,245,24.38,24655.2164
streaming-1000-tokens,246,31.79,24687.0437
streaming-1000-tokens,247,31.50,24718.5763
streaming-1000-tokens,248,27.45,24746.0571
streaming-1000-tokens,249,26.41,24772.4981
streaming-1000-tokens,250,33.33,24805.8655
streaming-1000-tokens,251,23.72,24829.6148
streaming-1000-tokens,252,26.89,24856.5222
streaming-1000-tokens,253,23.50,24880.037
streaming-1000-tokens,254,26.15,24906.2213
streaming-1000-tokens,255,24.52,24930.7739
streaming-1000-tokens,256,34.10,24964.9096
streaming-1000-tokens,257,23.13,24988.0736
streaming-1000-tokens,258,24.21,25012.3069
streaming-1000-tokens,259,26.57,25038.8987
streaming-1000-tokens,260,21.65,25060.5749
streaming-1000-tokens,261,33.32,25093.9147
streaming-1000-tokens,262,25.38,25119.3207
streaming-1000-tokens,263,27.92,25147.2704
streaming-1000-tokens,264,29.09,25176.3884
streaming-1000-tokens,265,22.69,25199.1137
streaming-1000-tokens,266,32.77,25231.9166
streaming-1000-tokens,267,32.65,25264.598
streaming-1000-tokens,268,25.54,25290.1714
streaming-1000-tokens,269,24.05,25314.2503
streaming-1000-tokens,270,32.62,25346.9079
streaming-1000-tokens,271,24.48,25371.4192
streaming-1000-tokens,272,25.15,25396.6119
streaming-1000-tokens,273,25.97,25422.7166
streaming-1000-tokens,274,33.77,25456.5244
streaming-1000-tokens,275,24.34,25480.8979
streaming-1000-tokens,276,28.19,25509.1157
streaming-1000-tokens,277,33.13,25542.2674
streaming-1000-tokens,278,25.42,25567.7266
streaming-1000-tokens,279,32.30,25600.0641
streaming-1000-tokens,280,22.46,25622.5677
streaming-1000-tokens,281,24.61,25647.1983
streaming-1000-tokens,282,25.68,25672.8988
streaming-1000-tokens,283,23.24,25696.1749
streaming-1000-tokens,284,33.47,25729.6787
streaming-1000-tokens,285,34.28,25763.9961
streaming-1000-tokens,286,29.95,25793.9691
streaming-1000-tokens,287,25.85,25819.8423
streaming-1000-tokens,288,22.92,25842.7803
streaming-1000-tokens,289,24.13,25866.9315
streaming-1000-tokens,290,24.12,25891.0778
streaming-1000-tokens,291,25.71,25916.8118
streaming-1000-tokens,292,23.67,25940.5062
streaming-1000-tokens,293,23.75,25964.2729
streaming-1000-tokens,294,32.74,25997.0337
streaming-1000-tokens,295,25.31,26022.3733
streaming-1000-tokens,296,25.43,26047.8395
streaming-1000-tokens,297,23.59,26071.4556
streaming-1000-tokens,298,25.23,26096.7069
streaming-1000-tokens,299,25.11,26121.8423
streaming-1000-tokens,300,26.04,26147.9148
streaming-1000-tokens,301,31.34,26179.2814
streaming-1000-tokens,302,23.12,26202.484
streaming-1000-tokens,303,32.21,26234.7295
streaming-1000-tokens,304,23.89,26258.8986
streaming-1000-tokens,305,25.50,26284.5493
streaming-1000-tokens,306,31.63,26316.2122
streaming-1000-tokens,307,24.82,26341.0621
streaming-1000-tokens,308,29.65,26370.7458
streaming-1000-tokens,309,32.17,26402.9484
streaming-1000-tokens,310,26.03,26429.0144
streaming-1000-tokens,311,30.55,26459.596
streaming-1000-tokens,312,26.51,26486.1418
streaming-1000-tokens,313,24.37,26510.5432
streaming-1000-tokens,314,30.02,26540.5979
streaming-1000-tokens,315,31.77,26572.4077
streaming-1000-tokens,316,26.25,26598.6919
streaming-1000-tokens,317,23.15,26621.8767
streaming-1000-tokens,318,23.93,26645.8404
streaming-1000-tokens,319,33.13,26679.0001
streaming-1000-tokens,320,26.56,26705.587
streaming-1000-tokens,321,23.28,26728.8987
streaming-1000-tokens,322,24.16,26753.0878
streaming-1000-tokens,323,25.83,26778.9474
streaming-1000-tokens,324,23.93,26803.0125
streaming-1000-tokens,325,31.77,26834.8188
streaming-1000-tokens,326,24.78,26859.6292
streaming-1000-tokens,327,24.35,26884.017
streaming-1000-tokens,328,24.17,26908.2213
streaming-1000-tokens,329,22.69,26930.9437
streaming-1000-tokens,330,25.76,26956.7311
streaming-1000-tokens,331,30.47,26987.2353
streaming-1000-tokens,332,28.22,27015.4912
streaming-1000-tokens,333,21.79,27037.3115
streaming-1000-tokens,334,24.21,27061.5535
streaming-1000-tokens,335,27.18,27088.7595
streaming-1000-tokens,336,23.15,27111.9365
streaming-1000-tokens,337,26.60,27138.5704
streaming-1000-tokens,338,33.50,27172.0924
streaming-1000-tokens,339,30.79,27202.905
streaming-1000-tokens,340,26.57,27229.4997
streaming-1000-tokens,341,25.82,27255.3616
streaming-1000-tokens,342,31.59,27286.9799
streaming-1000-tokens,343,24.10,27311.1178
streaming-1000-tokens,344,25.88,27337.031
streaming-1000-tokens,345,23.98,27361.0468
streaming-1000-tokens,346,34.61,27395.69
streaming-1000-tokens,347,32.12,27427.8452
streaming-1000-tokens,348,25.96,27453.8354
streaming-1000-tokens,349,26.99,27480.8558
streaming-1000-tokens,350,31.52,27512.4092
streaming-1000-tokens,351,33.48,27545.9216
streaming-1000-tokens,352,33.15,27579.1116
streaming-1000-tokens,353,25.03,27604.1741
streaming-1000-tokens,354,32.33,27636.7323
streaming-1000-tokens,355,32.02,27668.7855
streaming-1000-tokens,356,26.57,27695.4103
streaming-1000-tokens,357,27.89,27723.3389
streaming-1000-tokens,358,21.67,27745.0407
streaming-1000-tokens,359,25.82,27770.9375
streaming-1000-tokens,360,24.37,27795.348
streaming-1000-tokens,361,30.21,27825.5821
streaming-1000-tokens,362,25.59,27851.256
streaming-1000-tokens,363,22.71,27874.0025
streaming-1000-tokens,364,33.21,27907.2394
streaming-1000-tokens,365,25.29,27932.5479
streaming-1000-tokens,366,32.06,27964.6285
streaming-1000-tokens,367,25.20,27989.851
streaming-1000-tokens,368,23.36,28013.2341
streaming-1000-tokens,369,25.04,28038.294
streaming-1000-tokens,370,24.24,28062.5789
streaming-1000-tokens,371,24.55,28087.1579
streaming-1000-tokens,372,31.43,28118.6159
streaming-1000-tokens,373,26.42,28145.0705
streaming-1000-tokens,374,28.00,28173.0991
streaming-1000-tokens,375,20.66,28193.7798
streaming-1000-tokens,376,26.38,28220.1923
streaming-1000-tokens,377,23.69,28243.9186
streaming-1000-tokens,378,30.71,28274.658
streaming-1000-tokens,379,32.74,28307.4298
streaming-1000-tokens,380,23.40,28330.8747
streaming-1000-tokens,381,26.30,28357.2036
streaming-1000-tokens,382,31.76,28389.0005
streaming-1000-tokens,383,30.49,28419.5441
streaming-1000-tokens,384,32.25,28451.8256
streaming-1000-tokens,385,24.25,28476.1138
streaming-1000-tokens,386,23.78,28499.9297
streaming-1000-tokens,387,24.87,28524.8313
streaming-1000-tokens,388,22.36,28547.2641
streaming-1000-tokens,389,25.07,28572.3677
streaming-1000-tokens,390,27.55,28599.9498
streaming-1000-tokens,391,30.88,28630.8627
streaming-1000-tokens,392,24.35,28655.248
streaming-1000-tokens,393,31.44,28686.723
streaming-1000-tokens,394,36.28,28723.0277
streaming-1000-tokens,395,22.54,28745.6083
streaming-1000-tokens,396,24.91,28770.5472
streaming-1000-tokens,397,25.40,28795.9808
streaming-1000-tokens,398,27.16,28823.1654
streaming-1000-tokens,399,23.57,28846.7641
streaming-1000-tokens,400,24.76,28871.5617
streaming-1000-tokens,401,23.07,28894.6667
streaming-1000-tokens,402,25.92,28920.6167
streaming-1000-tokens,403,30.10,28950.7448
streaming-1000-tokens,404,30.87,28981.6454
streaming-1000-tokens,405,24.83,29006.5096
streaming-1000-tokens,406,24.37,29030.9144
streaming-1000-tokens,407,25.65,29056.5976
streaming-1000-tokens,408,23.54,29080.179
streaming-1000-tokens,409,32.72,29112.9624
streaming-1000-tokens,410,23.96,29136.9606
streaming-1000-tokens,411,23.91,29160.9291
streaming-1000-tokens,412,23.99,29184.9502
streaming-1000-tokens,413,24.36,29209.3439
streaming-1000-tokens,414,24.95,29234.3365
streaming-1000-tokens,415,23.83,29258.2041
streaming-1000-tokens,416,32.37,29290.6106
streaming-1000-tokens,417,23.64,29314.3265
streaming-1000-tokens,418,24.96,29339.3211
streaming-1000-tokens,419,22.71,29362.0609
streaming-1000-tokens,420,26.50,29388.5909
streaming-1000-tokens,421,23.68,29412.2973
streaming-1000-tokens,422,31.99,29444.3097
streaming-1000-tokens,423,26.76,29471.0926
streaming-1000-tokens,424,24.68,29495.8118
streaming-1000-tokens,425,27.71,29523.5522
streaming-1000-tokens,426,32.11,29555.7011
streaming-1000-tokens,427,31.77,29587.5063
streaming-1000-tokens,428,24.71,29612.247
streaming-1000-tokens,429,32.31,29644.5947
streaming-1000-tokens,430,26.23,29670.9165
streaming-1000-tokens,431,27.66,29699.8357
streaming-1000-tokens,432,31.41,29731.2781
streaming-1000-tokens,433,26.32,29757.637
streaming-1000-tokens,434,21.46,29779.1284
streaming-1000-tokens,435,33.55,29812.7083
streaming-1000-tokens,436,24.06,29836.7925
streaming-1000-tokens,437,25.57,29862.3985
streaming-1000-tokens,438,24.22,29886.8808
streaming-1000-tokens,439,26.60,29913.512
streaming-1000-tokens,440,32.70,29946.2461
streaming-1000-tokens,441,28.95,29975.2276
streaming-1000-tokens,442,34.07,30009.3706
streaming-1000-tokens,443,26.09,30035.4818
streaming-1000-tokens,444,22.88,30058.3868
streaming-1000-tokens,445,24.20,30082.6167
streaming-1000-tokens,446,24.78,30107.4203
streaming-1000-tokens,447,23.49,30130.9415
streaming-1000-tokens,448,25.67,30156.6302
streaming-1000-tokens,449,25.03,30181.6949
streaming-1000-tokens,450,27.14,30208.8586
streaming-1000-tokens,451,27.51,30236.8912
streaming-1000-tokens,452,24.25,30261.1674
streaming-1000-tokens,453,32.74,30293.9349
streaming-1000-tokens,454,23.76,30317.714
streaming-1000-tokens,455,32.09,30349.8437
streaming-1000-tokens,456,34.37,30384.2543
streaming-1000-tokens,457,33.16,30417.4524
streaming-1000-tokens,458,24.54,30442.023
streaming-1000-tokens,459,23.42,30465.4742
streaming-1000-tokens,460,24.91,30490.4189
streaming-1000-tokens,461,23.55,30514.0071
streaming-1000-tokens,462,32.71,30546.746
streaming-1000-tokens,463,26.47,30573.254
streaming-1000-tokens,464,30.55,30603.8338
streaming-1000-tokens,465,33.35,30637.2214
streaming-1000-tokens,466,24.61,30661.8665
streaming-1000-tokens,467,34.67,30696.5747
streaming-1000-tokens,468,26.57,30723.1806
streaming-1000-tokens,469,22.50,30745.7158
streaming-1000-tokens,470,23.20,30768.9494
streaming-1000-tokens,471,33.53,30802.5145
streaming-1000-tokens,472,26.19,30828.7322
streaming-1000-tokens,473,24.50,30853.2629
streaming-1000-tokens,474,31.33,30884.6253
streaming-1000-tokens,475,24.50,30909.1638
streaming-1000-tokens,476,24.87,30934.0643
streaming-1000-tokens,477,23.09,30957.1964
streaming-1000-tokens,478,24.07,30981.2961
streaming-1000-tokens,479,24.98,31006.3102
streaming-1000-tokens,480,23.87,31030.2178
streaming-1000-tokens,481,32.01,31062.2574
streaming-1000-tokens,482,24.20,31086.4865
streaming-1000-tokens,483,25.60,31112.1058
streaming-1000-tokens,484,22.11,31134.2526
streaming-1000-tokens,485,32.66,31167.0137
streaming-1000-tokens,486,24.84,31191.8937
streaming-1000-tokens,487,32.88,31224.8077
streaming-1000-tokens,488,32.28,31257.1289
streaming-1000-tokens,489,23.11,31280.2686
streaming-1000-tokens,490,26.21,31306.5067
streaming-1000-tokens,491,32.16,31338.6963
streaming-1000-tokens,492,30.38,31369.1131
streaming-1000-tokens,493,23.64,31392.7923
streaming-1000-tokens,494,24.39,31417.2211
streaming-1000-tokens,495,32.03,31449.2703
streaming-1000-tokens,496,26.11,31475.4154
streaming-1000-tokens,497,33.94,31509.3964
streaming-1000-tokens,498,21.33,31530.7626
streaming-1000-tokens,499,32.51,31563.3079
streaming-1000-tokens,500,30.96,31594.2957
streaming-1000-tokens,501,31.28,31625.6089
streaming-1000-tokens,502,20.36,31646.0059
streaming-1000-tokens,503,27.03,31673.0728
streaming-1000-tokens,504,29.82,31702.9233
streaming-1000-tokens,505,28.16,31731.1197
streaming-1000-tokens,506,25.15,31756.3077
streaming-1000-tokens,507,33.53,31789.8712
streaming-1000-tokens,508,22.20,31812.0971
streaming-1000-tokens,509,33.26,31845.3967
streaming-1000-tokens,510,32.77,31878.2039
streaming-1000-tokens,511,24.06,31902.3085
streaming-1000-tokens,512,35.35,31937.6949
streaming-1000-tokens,513,24.38,31962.1119
streaming-1000-tokens,514,24.76,31986.9031
streaming-1000-tokens,515,25.97,32012.9081
streaming-1000-tokens,516,23.79,32036.7308
streaming-1000-tokens,517,25.13,32061.8918
streaming-1000-tokens,518,29.39,32091.3153
streaming-1000-tokens,519,23.84,32115.1713
streaming-1000-tokens,520,25.90,32141.1056
streaming-1000-tokens,521,23.51,32164.6826
streaming-1000-tokens,522,25.02,32189.7339
streaming-1000-tokens,523,34.85,32224.6213
streaming-1000-tokens,524,22.42,32247.0768
streaming-1000-tokens,525,29.26,32276.3723
streaming-1000-tokens,526,23.38,32299.7868
streaming-1000-tokens,527,24.36,32324.181
streaming-1000-tokens,528,33.22,32357.4893
streaming-1000-tokens,529,22.39,32379.9202
streaming-1000-tokens,530,24.48,32404.4373
streaming-1000-tokens,531,32.01,32436.4837
streaming-1000-tokens,532,23.74,32460.2538
streaming-1000-tokens,533,26.97,32487.254
streaming-1000-tokens,534,24.68,32511.9716
streaming-1000-tokens,535,28.01,32540.0178
streaming-1000-tokens,536,20.89,32560.9472
streaming-1000-tokens,537,23.60,32584.5803
streaming-1000-tokens,538,24.33,32608.941
streaming-1000-tokens,539,31.90,32640.8874
streaming-1000-tokens,540,24.44,32665.3747
streaming-1000-tokens,541,24.33,32689.735
streaming-1000-tokens,542,24.10,32713.907
streaming-1000-tokens,543,25.07,32739.0021
streaming-1000-tokens,544,25.15,32764.1679
streaming-1000-tokens,545,26.92,32791.1246
streaming-1000-tokens,546,31.22,32822.3753
streaming-1000-tokens,547,25.88,32848.2879
streaming-1000-tokens,548,32.86,32881.1839
streaming-1000-tokens,549,31.53,32912.7455
streaming-1000-tokens,550,23.67,32936.4526
streaming-1000-tokens,551,30.73,32967.2127
streaming-1000-tokens,552,24.47,32991.715
streaming-1000-tokens,553,30.97,33022.721
streaming-1000-tokens,554,33.07,33055.8253
streaming-1000-tokens,555,24.51,33080.3679
streaming-1000-tokens,556,31.40,33111.8071
streaming-1000-tokens,557,24.96,33136.8037
streaming-1000-tokens,558,23.61,33160.4472
streaming-1000-tokens,559,34.62,33195.1041
streaming-1000-tokens,560,32.89,33228.0251
streaming-1000-tokens,561,26.11,33254.1897
streaming-1000-tokens,562,34.22,33288.4407
streaming-1000-tokens,563,24.57,33313.0385
streaming-1000-tokens,564,33.96,33347.0362
streaming-1000-tokens,565,26.20,33373.2691
streaming-1000-tokens,566,22.21,33395.5021
streaming-1000-tokens,567,24.13,33419.6665
streaming-1000-tokens,568,24.42,33444.1152
streaming-1000-tokens,569,27.27,33471.4211
streaming-1000-tokens,570,32.18,33503.639
streaming-1000-tokens,571,33.61,33537.288
streaming-1000-tokens,572,24.40,33561.721
streaming-1000-tokens,573,33.71,33595.4601
streaming-1000-tokens,574,25.51,33621.0071
streaming-1000-tokens,575,34.72,33655.7581
streaming-1000-tokens,576,22.56,33678.3559
streaming-1000-tokens,577,26.22,33704.6175
streaming-1000-tokens,578,24.32,33728.9783
streaming-1000-tokens,579,30.40,33759.4092
streaming-1000-tokens,580,34.58,33794.0253
streaming-1000-tokens,581,26.82,33820.8798
streaming-1000-tokens,582,26.57,33847.4839
streaming-1000-tokens,583,22.11,33869.6315
streaming-1000-tokens,584,24.17,33893.834
streaming-1000-tokens,585,28.82,33922.6896
streaming-1000-tokens,586,30.49,33953.2169
streaming-1000-tokens,587,34.23,33987.4838
streaming-1000-tokens,588,33.48,34021.0065
streaming-1000-tokens,589,26.61,34047.6443
streaming-1000-tokens,590,31.97,34079.648
streaming-1000-tokens,591,25.95,34105.6278
streaming-1000-tokens,592,31.65,34137.3036
streaming-1000-tokens,593,24.16,34161.4939
streaming-1000-tokens,594,34.20,34195.7268
streaming-1000-tokens,595,27.26,34223.0168
streaming-1000-tokens,596,32.84,34255.877
streaming-1000-tokens,597,23.02,34278.9286
streaming-1000-tokens,598,23.77,34302.7259
streaming-1000-tokens,599,25.02,34327.7731
streaming-1000-tokens,600,24.81,34352.6213
streaming-1000-tokens,601,24.78,34377.4266
streaming-1000-tokens,602,25.44,34402.8947
streaming-1000-tokens,603,27.79,34430.7201
streaming-1000-tokens,604,22.30,34453.0615
streaming-1000-tokens,605,27.90,34480.9978
streaming-1000-tokens,606,32.70,34513.7326
streaming-1000-tokens,607,23.78,34537.5516
streaming-1000-tokens,608,23.16,34560.7289
streaming-1000-tokens,609,23.45,34584.2198
streaming-1000-tokens,610,24.17,34608.4212
streaming-1000-tokens,611,24.42,34632.8798
streaming-1000-tokens,612,22.98,34655.9058
streaming-1000-tokens,613,24.19,34680.1241
streaming-1000-tokens,614,32.43,34712.5842
streaming-1000-tokens,615,31.71,34744.3305
streaming-1000-tokens,616,26.74,34771.1101
streaming-1000-tokens,617,31.54,34802.6774
streaming-1000-tokens,618,33.50,34836.206
streaming-1000-tokens,619,24.63,34860.8698
streaming-1000-tokens,620,24.73,34885.6287
streaming-1000-tokens,621,23.65,34909.3104
streaming-1000-tokens,622,24.45,34933.7923
streaming-1000-tokens,623,23.16,34956.9766
streaming-1000-tokens,624,31.87,34988.8729
streaming-1000-tokens,625,24.78,35013.681
streaming-1000-tokens,626,25.00,35038.7089
streaming-1000-tokens,627,24.50,35063.2342
streaming-1000-tokens,628,24.29,35087.5439
streaming-1000-tokens,629,24.52,35112.0932
streaming-1000-tokens,630,26.81,35138.926
streaming-1000-tokens,631,24.29,35163.24
streaming-1000-tokens,632,23.96,35187.238
streaming-1000-tokens,633,24.87,35212.1409
streaming-1000-tokens,634,30.33,35242.5122
streaming-1000-tokens,635,26.13,35269.0104
streaming-1000-tokens,636,24.00,35293.0474
streaming-1000-tokens,637,24.23,35317.3093
streaming-1000-tokens,638,32.05,35349.3934
streaming-1000-tokens,639,31.68,35381.1449
streaming-1000-tokens,640,25.53,35406.7148
streaming-1000-tokens,641,24.42,35431.1681
streaming-1000-tokens,642,24.83,35456.0289
streaming-1000-tokens,643,25.66,35481.7179
streaming-1000-tokens,644,32.48,35514.2286
streaming-1000-tokens,645,26.00,35540.2587
streaming-1000-tokens,646,24.26,35564.5555
streaming-1000-tokens,647,32.10,35596.7152
streaming-1000-tokens,648,33.46,35630.2106
streaming-1000-tokens,649,32.77,35663.0195
streaming-1000-tokens,650,31.12,35694.1786
streaming-1000-tokens,651,28.54,35722.7587
streaming-1000-tokens,652,27.79,35750.5894
streaming-1000-tokens,653,32.99,35783.6178
streaming-1000-tokens,654,24.26,35807.9101
streaming-1000-tokens,655,24.60,35832.5407
streaming-1000-tokens,656,24.15,35856.7255
streaming-1000-tokens,657,22.79,35879.5497
streaming-1000-tokens,658,24.26,35903.8475
streaming-1000-tokens,659,25.62,35929.4981
streaming-1000-tokens,660,27.63,35957.1616
streaming-1000-tokens,661,33.25,35990.4421
streaming-1000-tokens,662,23.88,36014.3625
streaming-1000-tokens,663,25.63,36040.0257
streaming-1000-tokens,664,30.82,36070.8852
streaming-1000-tokens,665,27.15,36098.0541
streaming-1000-tokens,666,30.87,36128.9534
streaming-1000-tokens,667,33.28,36162.263
streaming-1000-tokens,668,23.82,36186.1175
streaming-1000-tokens,669,23.88,36210.0296
streaming-1000-tokens,670,32.31,36242.3754
streaming-1000-tokens,671,24.94,36267.378
streaming-1000-tokens,672,23.62,36291.0646
streaming-1000-tokens,673,24.11,36315.2088
streaming-1000-tokens,674,33.02,36348.2496
streaming-1000-tokens,675,30.90,36379.2016
streaming-1000-tokens,676,23.55,36402.7833
streaming-1000-tokens,677,24.22,36427.0327
streaming-1000-tokens,678,25.81,36452.8778
streaming-1000-tokens,679,34.87,36487.7851
streaming-1000-tokens,680,24.32,36512.1386
streaming-1000-tokens,681,26.45,36538.6227
streaming-1000-tokens,682,22.54,36561.2031
streaming-1000-tokens,683,22.94,36584.1725
streaming-1000-tokens,684,24.73,36608.9391
streaming-1000-tokens,685,25.17,36634.1454
streaming-1000-tokens,686,23.53,36657.7598
streaming-1000-tokens,687,24.06,36681.8941
streaming-1000-tokens,688,25.29,36707.2156
streaming-1000-tokens,689,23.01,36730.2697
streaming-1000-tokens,690,24.31,36754.6154
streaming-1000-tokens,691,24.97,36780.1429
streaming-1000-tokens,692,24.27,36804.4359
streaming-1000-tokens,693,24.53,36828.9871
streaming-1000-tokens,694,33.01,36862.0472
streaming-1000-tokens,695,20.86,36882.9509
streaming-1000-tokens,696,32.59,36915.5874
streaming-1000-tokens,697,32.25,36947.8656
streaming-1000-tokens,698,32.03,36979.9383
streaming-1000-tokens,699,23.99,37003.9519
streaming-1000-tokens,700,33.74,37037.718
streaming-1000-tokens,701,24.56,37062.2998
streaming-1000-tokens,702,32.24,37094.5685
streaming-1000-tokens,703,24.39,37118.9892
streaming-1000-tokens,704,24.52,37143.5318
streaming-1000-tokens,705,23.70,37167.249
streaming-1000-tokens,706,26.28,37193.5594
streaming-1000-tokens,707,23.80,37217.3945
streaming-1000-tokens,708,25.49,37242.9214
streaming-1000-tokens,709,24.12,37267.0745
streaming-1000-tokens,710,23.91,37291.0208
streaming-1000-tokens,711,24.46,37315.5172
streaming-1000-tokens,712,24.82,37340.3675
streaming-1000-tokens,713,24.72,37365.1133
streaming-1000-tokens,714,25.07,37390.2112
streaming-1000-tokens,715,32.75,37422.9967
streaming-1000-tokens,716,22.91,37445.9368
streaming-1000-tokens,717,25.38,37471.3814
streaming-1000-tokens,718,24.27,37495.984
streaming-1000-tokens,719,25.08,37521.0931
streaming-1000-tokens,720,24.64,37545.7633
streaming-1000-tokens,721,28.19,37573.9903
streaming-1000-tokens,722,21.57,37595.5973
streaming-1000-tokens,723,26.52,37622.1551
streaming-1000-tokens,724,23.46,37645.6498
streaming-1000-tokens,725,26.32,37672.008
streaming-1000-tokens,726,31.94,37703.9864
streaming-1000-tokens,727,33.07,37737.0954
streaming-1000-tokens,728,25.16,37762.2938
streaming-1000-tokens,729,25.40,37787.7258
streaming-1000-tokens,730,23.42,37811.1816
streaming-1000-tokens,731,23.14,37834.3485
streaming-1000-tokens,732,30.74,37865.1009
streaming-1000-tokens,733,23.35,37888.4778
streaming-1000-tokens,734,33.10,37921.6025
streaming-1000-tokens,735,26.26,37947.8936
streaming-1000-tokens,736,22.95,37970.8757
streaming-1000-tokens,737,31.99,38002.9017
streaming-1000-tokens,738,31.39,38034.3221
streaming-1000-tokens,739,24.94,38059.2927
streaming-1000-tokens,740,23.50,38082.8201
streaming-1000-tokens,741,31.15,38114.007
streaming-1000-tokens,742,25.23,38139.258
streaming-1000-tokens,743,32.03,38171.3132
streaming-1000-tokens,744,31.77,38203.1148
streaming-1000-tokens,745,26.26,38229.407
streaming-1000-tokens,746,31.57,38261.0077
streaming-1000-tokens,747,33.18,38294.2206
streaming-1000-tokens,748,26.63,38320.8785
streaming-1000-tokens,749,24.02,38344.9293
streaming-1000-tokens,750,24.79,38369.7549
streaming-1000-tokens,751,32.26,38402.0407
streaming-1000-tokens,752,31.35,38433.4131
streaming-1000-tokens,753,25.66,38459.1064
streaming-1000-tokens,754,23.65,38482.7983
streaming-1000-tokens,755,25.51,38508.3363
streaming-1000-tokens,756,30.67,38539.0378
streaming-1000-tokens,757,32.09,38571.158
streaming-1000-tokens,758,24.75,38595.9416
streaming-1000-tokens,759,24.98,38620.9549
streaming-1000-tokens,760,24.58,38645.563
streaming-1000-tokens,761,25.46,38671.0444
streaming-1000-tokens,762,31.70,38702.7728
streaming-1000-tokens,763,32.71,38735.5228
streaming-1000-tokens,764,31.79,38767.3485
streaming-1000-tokens,765,23.82,38791.2252
streaming-1000-tokens,766,30.74,38821.9942
streaming-1000-tokens,767,24.28,38846.2992
streaming-1000-tokens,768,24.90,38871.2298
streaming-1000-tokens,769,33.08,38904.3401
streaming-1000-tokens,770,26.44,38930.8143
streaming-1000-tokens,771,25.18,38956.0231
streaming-1000-tokens,772,25.13,38981.1743
streaming-1000-tokens,773,31.87,39013.0793
streaming-1000-tokens,774,23.24,39036.345
streaming-1000-tokens,775,24.42,39060.7977
streaming-1000-tokens,776,24.59,39085.4453
streaming-1000-tokens,777,29.87,39115.3582
streaming-1000-tokens,778,25.19,39140.5733
streaming-1000-tokens,779,23.28,39163.8919
streaming-1000-tokens,780,30.01,39193.9252
streaming-1000-tokens,781,27.07,39221.0162
streaming-1000-tokens,782,25.77,39246.8096
streaming-1000-tokens,783,22.26,39269.0985
streaming-1000-tokens,784,23.67,39292.797
streaming-1000-tokens,785,31.18,39324.0171
streaming-1000-tokens,786,33.75,39357.7894
streaming-1000-tokens,787,25.67,39383.6237
streaming-1000-tokens,788,22.00,39405.6534
streaming-1000-tokens,789,27.19,39432.8743
streaming-1000-tokens,790,22.67,39455.5745
streaming-1000-tokens,791,24.61,39480.2066
streaming-1000-tokens,792,24.08,39504.3065
streaming-1000-tokens,793,32.11,39536.444
streaming-1000-tokens,794,24.05,39560.5212
streaming-1000-tokens,795,36.17,39596.7166
streaming-1000-tokens,796,29.32,39626.0612
streaming-1000-tokens,797,33.36,39659.4553
streaming-1000-tokens,798,24.11,39683.6035
streaming-1000-tokens,799,23.30,39706.9326
streaming-1000-tokens,800,23.60,39730.5613
streaming-1000-tokens,801,25.58,39756.1751
streaming-1000-tokens,802,24.20,39780.4195
streaming-1000-tokens,803,32.59,39813.0382
streaming-1000-tokens,804,25.36,39838.5709
streaming-1000-tokens,805,32.56,39871.1659
streaming-1000-tokens,806,31.66,39902.8568
streaming-1000-tokens,807,46.98,39949.8599
streaming-1000-tokens,808,34.10,39983.9995
streaming-1000-tokens,809,30.14,40014.17
streaming-1000-tokens,810,26.55,40040.7476
streaming-1000-tokens,811,30.76,40071.5327
streaming-1000-tokens,812,24.16,40095.7286
streaming-1000-tokens,813,25.28,40121.0363
streaming-1000-tokens,814,25.44,40146.7757
streaming-1000-tokens,815,32.95,40179.7532
streaming-1000-tokens,816,24.46,40204.2387
streaming-1000-tokens,817,24.61,40228.8761
streaming-1000-tokens,818,27.13,40256.0714
streaming-1000-tokens,819,31.11,40287.198
streaming-1000-tokens,820,24.58,40311.8036
streaming-1000-tokens,821,25.31,40337.1509
streaming-1000-tokens,822,24.17,40361.3494
streaming-1000-tokens,823,23.94,40385.3165
streaming-1000-tokens,824,34.40,40419.7343
streaming-1000-tokens,825,25.56,40445.3218
streaming-1000-tokens,826,25.01,40470.3619
streaming-1000-tokens,827,31.94,40502.3366
streaming-1000-tokens,828,24.50,40526.8713
streaming-1000-tokens,829,24.12,40551.0256
streaming-1000-tokens,830,24.64,40575.6996
streaming-1000-tokens,831,32.39,40608.1194
streaming-1000-tokens,832,24.17,40632.316
streaming-1000-tokens,833,26.29,40658.6347
streaming-1000-tokens,834,30.48,40689.1462
streaming-1000-tokens,835,33.91,40723.0886
streaming-1000-tokens,836,24.51,40747.6885
streaming-1000-tokens,837,24.55,40772.2626
streaming-1000-tokens,838,25.66,40797.9578
streaming-1000-tokens,839,23.45,40821.4347
streaming-1000-tokens,840,32.28,40853.7432
streaming-1000-tokens,841,33.06,40886.8258
streaming-1000-tokens,842,34.35,40921.2057
streaming-1000-tokens,843,27.45,40948.6789
streaming-1000-tokens,844,20.83,40969.5268
streaming-1000-tokens,845,38.15,41007.7053
streaming-1000-tokens,846,28.02,41035.7567
streaming-1000-tokens,847,30.00,41065.7877
streaming-1000-tokens,848,24.34,41090.158
streaming-1000-tokens,849,32.06,41122.249
streaming-1000-tokens,850,32.77,41155.0512
streaming-1000-tokens,851,23.32,41178.3976
streaming-1000-tokens,852,24.11,41202.6099
streaming-1000-tokens,853,32.23,41234.8707
streaming-1000-tokens,854,24.99,41259.889
streaming-1000-tokens,855,30.93,41290.8526
streaming-1000-tokens,856,24.58,41315.4739
streaming-1000-tokens,857,30.54,41346.0574
streaming-1000-tokens,858,25.14,41371.2235
streaming-1000-tokens,859,31.79,41403.0455
streaming-1000-tokens,860,25.20,41428.2803
streaming-1000-tokens,861,24.42,41452.737
streaming-1000-tokens,862,34.00,41486.7617
streaming-1000-tokens,863,24.51,41511.2951
streaming-1000-tokens,864,34.59,41545.9189
streaming-1000-tokens,865,33.85,41579.7933
streaming-1000-tokens,866,24.53,41604.3516
streaming-1000-tokens,867,31.25,41635.6282
streaming-1000-tokens,868,26.32,41661.9842
streaming-1000-tokens,869,25.20,41687.2142
streaming-1000-tokens,870,25.82,41713.0755
streaming-1000-tokens,871,31.82,41744.9309
streaming-1000-tokens,872,23.42,41768.3795
streaming-1000-tokens,873,24.18,41792.5896
streaming-1000-tokens,874,23.87,41816.5014
streaming-1000-tokens,875,23.45,41839.984
streaming-1000-tokens,876,32.32,41872.3576
streaming-1000-tokens,877,25.26,41897.6474
streaming-1000-tokens,878,23.35,41921.0228
streaming-1000-tokens,879,24.28,41945.3352
streaming-1000-tokens,880,24.10,41969.4659
streaming-1000-tokens,881,24.86,41994.3587
streaming-1000-tokens,882,23.25,42017.646
streaming-1000-tokens,883,33.07,42050.7528
streaming-1000-tokens,884,22.44,42073.2242
streaming-1000-tokens,885,35.06,42108.3149
streaming-1000-tokens,886,28.76,42137.1015
streaming-1000-tokens,887,25.33,42162.4641
streaming-1000-tokens,888,32.44,42194.936
streaming-1000-tokens,889,23.11,42218.0718
streaming-1000-tokens,890,31.01,42249.1111
streaming-1000-tokens,891,24.20,42273.3389
streaming-1000-tokens,892,23.86,42297.228
streaming-1000-tokens,893,33.03,42330.3515
streaming-1000-tokens,894,25.59,42355.9691
streaming-1000-tokens,895,24.81,42380.8077
streaming-1000-tokens,896,23.71,42404.5507
streaming-1000-tokens,897,23.93,42428.4979
streaming-1000-tokens,898,24.01,42452.5267
streaming-1000-tokens,899,30.91,42483.7533
streaming-1000-tokens,900,23.93,42507.7211
streaming-1000-tokens,901,24.31,42532.0714
streaming-1000-tokens,902,23.63,42555.7258
streaming-1000-tokens,903,31.50,42587.2521
streaming-1000-tokens,904,33.07,42620.3595
streaming-1000-tokens,905,24.31,42644.7031
streaming-1000-tokens,906,23.85,42668.5728
streaming-1000-tokens,907,24.25,42692.8482
streaming-1000-tokens,908,23.58,42716.4497
streaming-1000-tokens,909,24.27,42740.7528
streaming-1000-tokens,910,23.44,42764.2141
streaming-1000-tokens,911,24.40,42788.6369
streaming-1000-tokens,912,24.51,42813.1835
streaming-1000-tokens,913,22.79,42836.0098
streaming-1000-tokens,914,23.92,42859.957
streaming-1000-tokens,915,24.14,42884.1309
streaming-1000-tokens,916,31.44,42915.5968
streaming-1000-tokens,917,24.42,42940.0539
streaming-1000-tokens,918,23.77,42963.8518
streaming-1000-tokens,919,24.28,42988.1608
streaming-1000-tokens,920,24.37,43012.5614
streaming-1000-tokens,921,24.03,43036.6123
streaming-1000-tokens,922,23.36,43060.1604
streaming-1000-tokens,923,31.66,43091.842
streaming-1000-tokens,924,25.21,43117.1213
streaming-1000-tokens,925,31.86,43149.0103
streaming-1000-tokens,926,24.32,43173.3542
streaming-1000-tokens,927,23.49,43196.9087
streaming-1000-tokens,928,24.23,43221.1609
streaming-1000-tokens,929,24.07,43245.2625
streaming-1000-tokens,930,24.12,43269.4095
streaming-1000-tokens,931,24.61,43294.1035
streaming-1000-tokens,932,23.81,43317.936
streaming-1000-tokens,933,31.05,43349.0203
streaming-1000-tokens,934,29.48,43378.5284
streaming-1000-tokens,935,25.83,43404.3874
streaming-1000-tokens,936,24.47,43428.8786
streaming-1000-tokens,937,33.28,43462.1849
streaming-1000-tokens,938,31.64,43493.8741
streaming-1000-tokens,939,24.20,43518.0984
streaming-1000-tokens,940,23.40,43541.5237
streaming-1000-tokens,941,26.00,43567.5555
streaming-1000-tokens,942,23.02,43590.6064
streaming-1000-tokens,943,30.91,43621.5461
streaming-1000-tokens,944,23.83,43645.4145
streaming-1000-tokens,945,33.32,43678.7737
streaming-1000-tokens,946,23.14,43701.9398
streaming-1000-tokens,947,23.60,43725.5646
streaming-1000-tokens,948,23.93,43749.5254
streaming-1000-tokens,949,23.30,43772.8785
streaming-1000-tokens,950,31.27,43804.1787
streaming-1000-tokens,951,25.58,43829.7922
streaming-1000-tokens,952,24.60,43854.4179
streaming-1000-tokens,953,24.13,43878.5682
streaming-1000-tokens,954,25.98,43904.5743
streaming-1000-tokens,955,24.25,43928.8405
streaming-1000-tokens,956,28.32,43957.2071
streaming-1000-tokens,957,32.68,43989.9106
streaming-1000-tokens,958,23.67,44013.6069
streaming-1000-tokens,959,25.86,44039.4993
streaming-1000-tokens,960,24.91,44064.4352
streaming-1000-tokens,961,22.64,44087.1117
streaming-1000-tokens,962,32.39,44119.5328
streaming-1000-tokens,963,24.30,44143.868
streaming-1000-tokens,964,23.68,44167.5757
streaming-1000-tokens,965,24.44,44192.0453
streaming-1000-tokens,966,31.29,44223.3759
streaming-1000-tokens,967,33.36,44256.7701
streaming-1000-tokens,968,22.57,44279.3812
streaming-1000-tokens,969,28.46,44307.8689
streaming-1000-tokens,970,22.15,44330.0569
streaming-1000-tokens,971,24.52,44354.6148
streaming-1000-tokens,972,24.30,44378.9528
streaming-1000-tokens,973,23.53,44402.5119
streaming-1000-tokens,974,31.51,44434.0433
streaming-1000-tokens,975,31.53,44465.5905
streaming-1000-tokens,976,24.48,44490.0862
streaming-1000-tokens,977,23.96,44514.0646
streaming-1000-tokens,978,32.55,44546.6502
streaming-1000-tokens,979,24.50,44571.1854
streaming-1000-tokens,980,24.25,44595.5482
streaming-1000-tokens,981,25.45,44621.0288
streaming-1000-tokens,982,25.82,44646.8769
streaming-1000-tokens,983,23.07,44669.9849
streaming-1000-tokens,984,24.09,44694.1073
streaming-1000-tokens,985,29.58,44723.7095
streaming-1000-tokens,986,24.58,44748.3246
streaming-1000-tokens,987,20.52,44768.8813
streaming-1000-tokens,988,24.48,44793.3916
streaming-1000-tokens,989,24.06,44817.4974
streaming-1000-tokens,990,25.37,44842.9013
streaming-1000-tokens,991,24.87,44867.8286
streaming-1000-tokens,992,24.81,44892.7223
streaming-1000-tokens,993,24.40,44917.1622
streaming-1000-tokens,994,25.68,44942.8782
streaming-1000-tokens,995,29.72,44972.6283
streaming-1000-tokens,996,35.49,45008.2069
streaming-1000-tokens,997,22.95,45031.2003
streaming-1000-tokens,998,25.90,45057.1374
streaming-1000-tokens,999,23.44,45080.6088
streaming-1000-tokens,1000,33.78,45114.4186